id;location;phone;description;price;requirements;room_fit
1;Ohio Mouse;(814) 253-1378 x43509;Hat indexing;12955;cross-platform Streamlined Future;82997
2;protocol ROI;675-543-1337;copy Rial wireless;7982;hack application Steel;90504
3;Maryland well-modulated copy;(647) 904-2490;Executive lavender scalable;36535;Human Polarised;86515
4;drive withdrawal;464.609.7889;generate Personal;2469;leading composite;24185
5;Representative;1-612-299-9639;Auto Port;37048;Ergonomic Ergonomic program;30884
6;Maine;1-666-942-3587 x85795;virtual;56408;Buckinghamshire;10060
7;Inlet;1-363-993-6007 x94818;Mouse;7443;Israel;94648
8;Account;(734) 732-7543;Fresh;85558;turquoise;77095
9;online Iowa;1-744-527-0281 x413;Jewelery Sausages payment;44116;Maryland copying Games;83732
10;Ridges Gorgeous green;(517) 206-3054 x704;Forint e-enable model;51746;Analyst online Bedfordshire;34339
