id;name;file_original_name;attach_size;content_type;attachment_type;object_id
1;Savings;Sri;15779;Soap;BOOK;91161
2;online Concrete;bypass Rial Data;97160;Investment;CAFE;19216
3;Baby Tasty Infrastructure;New toolset Stravenue;63410;bandwidth Loaf;FOOD;8199
4;one-to-one tertiary;even-keeled synthesizing;90062;GB;FOOD;41380
5;card grey;Cotton Liaison;11556;Mississippi Shoes;SCHEDULE;32772
6;Orchard payment;Reduced e-markets input;91963;emulation Chips Account;BOOK;74010
7;Mali Architect;Rustic Right-sized;516;deposit Corporate connect;SCHEDULE;45144
8;cross-platform program;capacitor Polarised;14622;array;SCHEDULE;61756
9;Bangladesh Health Direct;Cambridgeshire quantifying;82792;Rupee Health;ROOM;948
10;Small indexing Keyboard;USB;9121;Nevada;CAFE;78925
