id;company_name;job_type;description;vacancy_count;location;phone;salary
1;Berkshire;Michigan Bike panel;front-end B2C;58545;supply-chains strategize navigating;914.554.5191;8030
2;virtual;Division Intelligent Buckinghamshire;Quality Strategist;30323;deposit Gorgeous Bedfordshire;1-326-793-6785 x38770;51462
3;JBOD;parsing;salmon Balboa;99558;invoice navigate;(506) 295-1316 x61150;64591
4;Brook;transmit Missouri front-end;channels Borders digital;32052;archive Savings Administrator;257-822-4378;89299
5;deposit analyzer;Reverse-engineered Handcrafted invoice;Soft;32497;District Soap orchid;741.902.0618 x27480;34880
6;integrated turquoise;application;scalable withdrawal;32870;Cheese USB;479.332.3407;38351
7;Ergonomic turn-key HDD;strategic Rustic Vermont;Devolved reciprocal calculate;32430;Cambridgeshire Chips;402-550-7015 x05327;52078
8;Fresh needs-based withdrawal;Dinar Alaska benchmark;Handcrafted;23299;Clothing;383.461.0748;88770
9;visualize optical;RSS Rubber withdrawal;Argentina;19696;mobile Rubber;(327) 287-3008 x489;20116
10;emulation transmitter Sausages;Hat Granite payment;deposit Litas;19445;bottom-line;395-237-7584 x247;55749
